0,https://www.blueapron.com/recipes/crispy-salmon-creamy-orzo-salad-with-green-beans-cucumber-dill,Crispy Salmon and Creamy Orzo Salad with Green Beans Cucumber and Dill
1,https://www.blueapron.com/recipes/mushroom-spinach-stromboli-with-fresh-mozzarella-tomato-sauce,Mushroom Spinach Stromboli with Fresh Mozzarella and Tomato Sauce
2,https://www.blueapron.com/recipes/creamy-tuscan-kale-egg-strata-with-apple-endive-salad,Creamy Tuscan Kale Egg Strata with Apple Endive Salad
3,https://www.blueapron.com/recipes/spicy-cabbage-enchiladas-with-yellow-tomato-sauce,Spicy Cabbage Enchiladas with Yellow Tomato Sauce
4,https://www.blueapron.com/recipes/meyer-lemon-bucatini-pasta-with-creamy-radish-butter-lettuce-salad,Meyer Lemon Bucatini Pasta with Creamy Radish Butter Lettuce Salad
5,https://www.blueapron.com/recipes/lemon-caper-catfish-with-spiced-lentils-collard-greens,Lemon Caper Catfish with Spiced Lentils and Collard Greens
6,https://www.blueapron.com/recipes/roasted-eggplant-spiced-labneh-pitas-with-tomato-cucumber-farro-salad,Roasted Eggplant and Spiced Labneh Pitas with Tomato Cucumber Farro Salad
7,https://www.blueapron.com/recipes/potato-chowder-with-cheddar-cheese-toast,Potato Chowder with Cheddar Cheese Toast
8,https://www.blueapron.com/recipes/blackened-catfish-with-veracruz-sauce,Blackened Catfish with Veracruz Sauce
9,https://www.blueapron.com/recipes/sweet-potato-quesadillas-with-green-chiles-arugula-avocado-salad,Sweet Potato Quesadillas with Green Chiles and Arugula Avocado Salad
10,https://www.blueapron.com/recipes/sumac-spiced-salmon-labneh-with-freekeh-kale-almond-salad,Sumac Spiced Salmon and Labneh with Freekeh Kale Almond Salad
11,https://www.blueapron.com/recipes/south-indian-squash-curry-with-basmati-rice,South Indian Squash Curry with Basmati Rice
12,https://www.blueapron.com/recipes/seared-salmon-green-potato-salad-with-pickled-mustard-seeds,Seared Salmon and Green Potato Salad with Pickled Mustard Seeds
13,https://www.blueapron.com/recipes/kale-tahini-flatbreads-with-roasted-chickpeas-beet-pear-salad,Kale Tahini Flatbreads with Roasted Chickpeas and Beet Pear Salad
14,https://www.blueapron.com/recipes/crispy-catfish-kale-farro-salad-with-warm-grape-relish-fried-rosemary,Crispy Catfish Kale Farro Salad with Warm Grape Relish and Fried Rosemary
